country,year,strike.volume,unemployment,inflation,left.parliament,centralization,density
Austrlia,1951,296,1.3,19.8,43,0.375,NA
Austrlia,1952,397,2.2,17.2,43,0.375,NA
Austrlia,1953,360,2.5,4.3,43,0.375,NA
Austrlia,1954,3,1.7,0.7,47,0.375,NA
Austrlia,1955,326,1.4,2,38.5,0.375,NA
Austrlia,1956,352,1.8,6.3,38.5,0.375,NA
Austrlia,1957,195,2.3,2.5,38.5,0.375,NA
Austrlia,1958,133,2.7,1.3,36.9,0.375,NA
Austrlia,1959,109,2.6,1.8,36.9,0.375,NA
Austrlia,1960,208,2.5,3.8,36.9,0.375,50.2
Austrlia,1961,173,2.5,2.5,49.2,0.375,49.5
Austrlia,1962,142,2.6,-0.3,49.2,0.375,49.5
Austrlia,1963,158,2.1,0.5,41,0.375,49.2
Austrlia,1964,243,1.6,2.4,41,0.375,48.2
Austrlia,1965,211,1.5,4,41,0.375,47.9
Austrlia,1966,183,1.7,3,33.1,0.375,45.8
Austrlia,1967,168,1.9,3.2,33.1,0.375,45.0
Austrlia,1968,249,1.8,2.7,33.1,0.375,44.8
Austrlia,1969,439,1.8,2.9,47.2,0.375,44.4
Austrlia,1970,515,1.6,3.9,47.2,0.375,44.2
Austrlia,1971,645,1.9,6.1,47.2,0.375,45.4
Austrlia,1972,416,2.6,5.9,53.6,0.375,46.3
Austrlia,1973,527,2.3,9.5,53.6,0.375,47.2
Austrlia,1974,1252,2.6,15.1,52,0.375,48.8
Austrlia,1975,702,4.8,15.1,28.3,0.375,50.1
Austrlia,1976,760,4.7,13.5,28.3,0.375,50.2
Austrlia,1977,328,5.6,12.3,30.7,0.375,49.8
Austrlia,1978,421,6.4,7.9,30.7,0.375,49.8
Austrlia,1979,778,6.1,9.1,30.7,0.375,49.8
Austrlia,1980,633,6,10.1,40.8,0.375,48.7
Austrlia,1981,779,5.7,9.7,40.8,0.375,47.6
Austrlia,1982,370,7,11.2,40.8,0.375,48.0
Austrlia,1983,313,9.8,10.1,60,0.375,48.5
Austrlia,1984,241,8.9,4,55.4,0.375,47.6
Austrlia,1985,226,8.2,6.7,55.4,0.375,45.9
Austria,1951,43,3.5,27.5,43.6,1.000,NA
Austria,1952,39,4.7,13.6,43.6,1.000,NA
Austria,1953,20,5.8,-1.6,46.7,1.000,NA
Austria,1954,26,4.9,4,46.7,1.000,NA
Austria,1955,28,3.6,0,46.7,1.000,NA
Austria,1956,72,3.5,3.9,46.7,1.000,NA
Austria,1957,21,3.3,2.8,46.7,1.000,NA
Austria,1958,22,3.6,2,46.7,1.000,NA
Austria,1959,23,3.3,1.1,47.3,1.000,NA
Austria,1960,30,2.5,2,47.3,1.000,67.9
Austria,1961,49,2,3.5,47.3,1.000,67.3
Austria,1962,277,1.9,4.4,46.1,1.000,66.7
Austria,1963,15,2.1,2.7,46.1,1.000,67.1
Austria,1964,15,1.9,3.9,46.1,1.000,66.6
Austria,1965,64,1.9,4.9,46.1,1.000,66.2
Austria,1966,30,1.8,2.2,47.9,1.000,65.8
Austria,1967,7,1.8,4,47.9,1.000,65.1
Austria,1968,3,2,2.8,47.9,1.000,62.1
Austria,1969,8,1.8,3.1,47.9,1.000,63.1
Austria,1970,11,1.5,4.4,49.1,1.000,62.8
Austria,1971,2,1.2,4.7,49.1,1.000,61.9
Austria,1972,6,1.1,6.4,50.8,1.000,61.0
Austria,1973,61,1,7.5,50.8,1.000,60.8
Austria,1974,3,1.1,9.5,50.8,1.000,57.9
Austria,1975,2,1.7,8.5,50.8,1.000,59.0
Austria,1976,0,1.7,7.3,50.8,1.000,59.2
Austria,1977,0,1.6,5.5,50.8,1.000,58.6
Austria,1978,4,1.8,3.6,50.8,1.000,57.6
Austria,1979,0,1.7,3.7,51.9,1.000,56.7
Austria,1980,6,1.6,6.3,51.9,1.000,56.7
Austria,1981,1,2.1,6.8,51.9,1.000,56.4
Austria,1982,0,3.1,5.4,51.9,1.000,53.8
Austria,1983,0,3.8,3.3,49.2,1.000,53.6
Austria,1984,0,3.9,5.7,49.2,1.000,52.1
Austria,1985,8,4.1,3.2,49.2,1.000,51.6
Belgium,1951,242,4.5,9.6,39.6,0.750,NA
Belgium,1952,356,5.2,0.9,39.6,0.750,NA
Belgium,1953,170,5.5,-0.3,39.6,0.750,NA
Belgium,1954,182,5.2,1.3,42.5,0.750,NA
Belgium,1955,403,4,-0.5,42.5,0.750,NA
Belgium,1956,372,2.9,2.8,42.5,0.750,NA
Belgium,1957,1453,2.4,3.2,42.5,0.750,NA
Belgium,1958,114,3.4,1.3,40.6,0.750,NA
Belgium,1959,383,4.1,1.2,40.6,0.750,NA
Belgium,1960,129,3.4,0.3,40.6,0.750,41.5
Belgium,1961,35,2.7,1,42,0.750,40.4
Belgium,1962,1,2.1,1.4,42,0.750,38.9
Belgium,1963,90,1.7,2.2,42,0.750,39.8
Belgium,1964,157,1.5,4.2,42,0.750,39.3
Belgium,1965,25,1.7,4.1,33,0.750,39.9
Belgium,1966,189,1.8,4.2,33,0.750,40.3
Belgium,1967,64,2.5,2.9,33,0.750,41.2
Belgium,1968,129,2.9,2.7,30.2,0.750,42.0
Belgium,1969,56,2.3,3.8,30.2,0.750,42.0
Belgium,1970,483,1.9,3.9,30.2,0.750,42.1
Belgium,1971,410,1.8,4.3,30.2,0.750,43.9
Belgium,1972,117,2.3,5.5,31.1,0.750,46.8
Belgium,1973,282,2.3,7,31.1,0.750,48.0
Belgium,1974,184,2.4,12.7,29.7,0.750,49.1
Belgium,1975,196,4.4,12.8,29.7,0.750,51.9
Belgium,1976,291,5.8,9.2,29.7,0.750,53.4
Belgium,1977,216,6.6,7.1,30.2,0.750,54.3
Belgium,1978,325,7.1,4.5,30.2,0.750,53.4
Belgium,1979,197,7.3,4.5,29.3,0.750,53.5
Belgium,1980,69,7.7,6.7,29.3,0.750,54.1
Canada,1951,242,2.4,10.4,78.7,0.000,NA
Canada,1952,5918,2.9,2.5,78.7,0.000,NA
Canada,1953,335,2.9,-0.9,73.5,0.000,NA
Canada,1954,372,4.5,0.6,73.5,0.000,NA
Canada,1955,454,4.3,0.2,73.5,0.000,NA
Canada,1956,284,3.3,1.4,73.5,0.000,NA
Canada,1957,325,4.5,3.2,49,0.000,NA
Canada,1958,618,6.9,2.6,21.5,0.000,NA
Canada,1959,470,5.9,1.1,21.5,0.000,NA
Canada,1960,153,6.9,1.3,21.5,0.000,29.2
Canada,1961,28,7.1,0.9,21.5,0.000,28.5
Canada,1962,279,5.4,1.2,44.9,0.000,27.1
Canada,1963,175,5.1,1.8,55.1,0.000,26.8
Canada,1964,289,4.3,1.8,55.1,0.000,26.4
Canada,1965,408,3.6,2.5,57.3,0.000,26.7
Canada,1966,849,3.3,3.7,57.3,0.000,27.6
Canada,1967,612,3.8,3.6,57.3,0.000,29.6
Canada,1968,762,4.4,4.1,67,0.000,30.2
Canada,1969,1125,4.4,4.5,67,0.000,30.1
Canada,1970,934,5.6,3.4,67,0.000,31.0
Canada,1971,399,6.1,2.8,67,0.000,30.8
Canada,1972,1041,6.2,4.8,53,0.000,31.8
Canada,1973,732,5.5,7.6,53,0.000,33.1
Canada,1974,1121,5.3,10.9,59,0.000,33.1
Canada,1975,1303,6.9,10.8,59,0.000,34.3
Canada,1976,1359,7.1,7.5,59,0.000,34.5
Canada,1977,381,8,8,59,0.000,35.1
Canada,1978,826,8.3,8.9,59,0.000,35.5
Canada,1979,841,7.4,9.1,49.6,0.000,34.6
Canada,1980,930,7.4,10.2,63.4,0.000,34.0
Canada,1981,894,7.5,12.5,63.4,0.000,33.9
Canada,1982,605,10.9,10.8,63.4,0.000,36.8
Canada,1983,462,11.8,5.8,63.4,0.000,35.9
Canada,1984,393,11.2,4.3,24.8,0.000,35.9
Canada,1985,315,10.4,4,24.8,0.000,35.3
Denmark,1951,3,9.7,10.5,44.6,0.500,NA
Denmark,1952,3,12.5,3.8,44.6,0.500,NA
Denmark,1953,2,9.2,0.9,45.6,0.500,NA
Denmark,1954,17,9,0,46.9,0.500,NA
Denmark,1955,7,9.7,5.5,46.9,0.500,NA
Denmark,1956,789,11.1,6,46.9,0.500,NA
Denmark,1957,5,9.9,2.7,43.4,0.500,NA
Denmark,1958,6,9.2,0.7,43.4,0.500,NA
Denmark,1959,12,5.9,1.7,43.4,0.500,NA
Denmark,1960,41,4.2,1.3,43.4,0.500,56.9
Denmark,1961,1486,3.3,3.5,49.7,0.500,57.8
Denmark,1962,9,1.8,7.4,49.7,0.500,58.1
Denmark,1963,15,2,6.1,49.7,0.500,58.5
Denmark,1964,11,1.4,3.1,49.7,0.500,58.5
Denmark,1965,143,1.2,5.5,49.1,0.500,58.2
Denmark,1966,9,1.4,7.1,50.9,0.500,58.1
Denmark,1967,6,1.2,8.2,50.9,0.500,57.4
Denmark,1968,19,1.2,8,44,0.500,58.2
Denmark,1969,31,1.1,3.5,44,0.500,59.2
Denmark,1970,56,0.7,6.5,44,0.500,60.3
Denmark,1971,11,1.1,5.9,44,0.500,62.2
Denmark,1972,11,0.9,6.6,49.7,0.500,61.5
Denmark,1973,2001,0.9,9.3,49.7,0.500,62.2
Denmark,1974,94,3.5,15.3,36,0.500,65.2
Denmark,1975,52,4.9,9.6,41.7,0.500,68.9
Denmark,1976,107,6.3,9,41.7,0.500,73.0
Denmark,1977,115,7.3,11.1,48,0.500,74.1
Denmark,1978,64,8.3,10,48,0.500,77.8
Denmark,1979,84,6,9.6,48,0.500,77.1
Denmark,1980,90,6.5,12.3,48.6,0.500,78.6
Denmark,1981,319,10.3,11.7,48.6,0.500,79.9
Denmark,1982,45,11,10.1,48,0.500,80.2
Denmark,1983,38,11.4,6.9,48,0.500,80.8
Denmark,1984,62,8.5,6.3,46.9,0.500,79.3
Denmark,1985,1056,7.3,4.7,46.9,0.500,78.2
Finland,1951,288,0.1,16.3,26.5,0.750,NA
Finland,1952,47,0.1,1,26.5,0.750,NA
Finland,1953,54,0.3,2,26.5,0.750,NA
Finland,1954,96,0.1,0,27,0.750,NA
Finland,1955,281,0.1,-2.9,27,0.750,NA
Finland,1956,5568,0.1,11,27,0.750,NA
Finland,1957,174,0.3,11.3,27,0.750,NA
Finland,1958,35,0.4,6.6,27,0.750,NA
Finland,1959,323,2.3,1.5,25.5,0.750,NA
Finland,1960,71,1.5,3.2,25.5,0.750,31.9
Finland,1961,30,1.2,1.8,25.5,0.750,31.5
Finland,1962,23,1.3,4.5,20,0.750,35.3
Finland,1963,961,1.5,4.9,20,0.750,37.4
Finland,1964,39,1.5,10.4,20,0.750,37.0
Finland,1965,11,1.4,4.8,20,0.750,38.3
Finland,1966,80,1.5,3.9,31,0.750,39.6
Finland,1967,211,2.9,5.6,31,0.750,40.7
Finland,1968,186,3.8,9.2,31,0.750,41.0
Finland,1969,104,2.8,2.2,31,0.750,47.5
Finland,1970,1,1.9,2.7,26,0.750,51.3
Finland,1971,143,2.2,6.5,26,0.750,56.2
Finland,1972,1632,2.5,7.1,27.5,0.750,60.8
Finland,1973,272,2.3,11,27.5,0.750,61.4
Finland,1974,239,1.7,16.7,27.5,0.750,63.2
Finland,1975,155,2.2,17.8,27.5,0.750,65.3
Finland,1976,684,3.8,14.4,27,0.750,67.6
Finland,1977,1310,5.8,12.7,27,0.750,66.4
Finland,1978,73,7.2,7.8,27,0.750,66.9
Finland,1979,131,5.9,7.5,26,0.750,68.1
Finland,1980,836,4.6,11.6,26,0.750,69.4
Finland,1981,337,5.1,12,26,0.750,68.3
Finland,1982,105,5.8,9.6,26,0.750,68.4
Finland,1983,361,6.1,8.4,28.5,0.750,68.8
Finland,1984,754,4.9,7.1,28.5,0.750,69.0
Finland,1985,84,4.8,5.9,28.5,0.750,69.1
France,1951,299,0.6,17.7,49.3,0.000,NA
France,1952,146,0.7,12,49.3,0.000,NA
France,1953,807,0.9,-1.9,49.3,0.000,NA
France,1954,119,1.6,0.4,49.3,0.000,NA
France,1955,251,1.5,1,49.3,0.000,NA
France,1956,114,1.1,4.3,56.6,0.000,NA
France,1957,324,0.8,-0.8,56.6,0.000,NA
France,1958,88,0.9,15.3,56.6,0.000,NA
France,1959,151,1.3,5.7,16.6,0.000,NA
France,1960,82,1.2,4.2,16.6,0.000,19.6
France,1961,198,1.1,2.4,16.6,0.000,20.2
France,1962,142,1.1,5.2,16.6,0.000,19.1
France,1963,434,1.2,5.1,32.4,0.000,20.1
France,1964,176,0.9,3.2,32.4,0.000,19.7
France,1965,69,1.2,2.7,32.4,0.000,19.5
France,1966,174,1.2,2.6,32.4,0.000,18.9
France,1967,282,1.6,2.8,41,0.000,19.1
France,1968,70,2.6,4.6,19.1,0.000,20.4
France,1969,143,2.3,6.1,19.1,0.000,22.2
France,1970,109,2.4,5.9,19.1,0.000,21.7
France,1971,271,2.6,5.5,19.1,0.000,21.6
France,1972,228,2.7,6.2,19.1,0.000,21.6
France,1973,232,2.6,7.3,36.9,0.000,22.1
France,1974,197,2.8,13.7,36.9,0.000,21.7
France,1975,227,4.1,11.8,36.9,0.000,22.2
France,1976,235,4.4,9.6,36.9,0.000,21.4
France,1977,139,4.9,9.4,36.9,0.000,21.4
France,1978,118,5.2,9.1,41.7,0.000,20.7
France,1979,179,5.9,10.8,41.7,0.000,19.2
France,1980,86,6.3,13.3,41.7,0.000,18.3
France,1981,82,7.4,13.4,68.4,0.000,17.8
France,1982,127,8.1,11.8,68.4,0.000,17.0
France,1983,74,8.3,9.6,68.4,0.000,16.0
France,1984,75,9.7,7.4,68.4,0.000,14.9
France,1985,41,10.2,5.8,68.4,0.000,13.6
Germany,1951,112,6.4,7.7,36.3,0.250,NA
Germany,1952,29,6.1,2.1,36.3,0.250,NA
Germany,1953,95,5.5,-1.9,36.3,0.250,NA
Germany,1954,98,5.2,0.2,31,0.250,NA
Germany,1955,50,3.9,1.7,31,0.250,NA
Germany,1956,89,3.1,2.6,31,0.250,NA
Germany,1957,59,2.7,2.1,31,0.250,NA
Germany,1958,43,2.7,2.1,34,0.250,NA
Germany,1959,3,1.9,1,34,0.250,NA
Germany,1960,2,0.9,1.5,34,0.250,34.7
Germany,1961,3,0.6,2.3,34,0.250,34.2
Germany,1962,22,0.6,2.9,38.1,0.250,33.8
Germany,1963,88,0.7,3,38.1,0.250,33.4
Germany,1964,1,0.6,2.4,38.1,0.250,33.1
Germany,1965,2,0.5,3.2,38.1,0.250,32.9
Germany,1966,1,0.6,3.6,40.7,0.250,32.5
Germany,1967,19,1.7,1.6,40.7,0.250,32.8
Germany,1968,1,1.2,1.6,40.7,0.250,32.2
Germany,1969,12,0.7,1.9,40.7,0.250,31.7
Germany,1970,4,0.6,3.4,45.2,0.250,32.0
Germany,1971,203,0.7,5.2,45.2,0.250,32.1
Germany,1972,3,0.9,5.5,45.2,0.250,32.4
Germany,1973,25,1,7,46.4,0.250,32.4
Germany,1974,48,2.1,7,46.4,0.250,33.7
Germany,1975,3,4,5.9,46.4,0.250,34.6
Germany,1976,25,4,4.3,46.4,0.250,35.1
Germany,1977,1,3.9,3.7,43.2,0.250,35.2
Germany,1978,197,3.7,2.7,43.2,0.250,35.5
Germany,1979,22,3.3,4.1,43.2,0.250,35.3
Germany,1980,6,3.3,5.4,43.2,0.250,34.9
Germany,1981,3,4.6,6.3,43.9,0.250,35.1
Germany,1982,1,6.7,5.3,43.9,0.250,35.0
Germany,1983,2,8.2,3.3,38.8,0.250,35.0
Germany,1984,260,8.2,2.4,38.8,0.250,34.9
Germany,1985,2,8.3,2.2,38.8,0.250,34.7
Ireland,1951,773,7.3,7.9,10.880,0.500,NA
Ireland,1952,752,9.1,9.2,10.880,0.500,NA
Ireland,1953,117,9.6,5,10.880,0.500,NA
Ireland,1954,95,8.1,0,12.920,0.500,NA
Ireland,1955,336,6.8,2.6,12.920,0.500,NA
Ireland,1956,70,7.7,4.3,12.920,0.500,NA
Ireland,1957,135,9.2,4.1,8.160,0.500,NA
Ireland,1958,187,8.6,4.5,8.160,0.500,NA
Ireland,1959,181,8,0,8.160,0.500,NA
Ireland,1960,115,6.7,0.4,8.160,0.500,50.4
Ireland,1961,589,5.7,2.7,11.110,0.500,52.4
Ireland,1962,160,5.7,4.2,11.110,0.500,53.4
Ireland,1963,354,6.1,2.5,11.110,0.500,53.1
Ireland,1964,794,4.7,6.7,11.110,0.500,53.8
Ireland,1965,796,4.6,5,15.270,0.500,53.6
Ireland,1966,1129,4.7,3.1,15.270,0.500,53.7
Ireland,1967,262,5,3.2,15.270,0.500,54.2
Ireland,1968,574,5.3,4.7,15.270,0.500,55.1
Ireland,1969,1304,5,7.4,12.5,0.500,57.0
Ireland,1970,1405,5.8,8.2,12.5,0.500,59.1
Ireland,1971,379,5.5,9,12.5,0.500,59.2
Ireland,1972,284,6.2,8.7,12.5,0.500,59.5
Ireland,1973,277,5.7,11.4,13.190,0.500,59.2
Ireland,1974,720,5.3,17,13.190,0.500,59.9
Ireland,1975,390,7.3,20.9,13.190,0.500,61.5
Ireland,1976,1032,9,18,13.190,0.500,62.6
Ireland,1977,571,8.8,13.6,11.480,0.500,63.3
Ireland,1978,765,8.2,7.6,11.480,0.500,64.0
Ireland,1979,1752,7.1,13.2,11.480,0.500,63.9
Ireland,1980,480,7.3,18.2,11.480,0.500,63.5
Ireland,1981,503,9.9,20.4,9.040,0.500,62.9
Ireland,1982,504,11.4,17.1,9.040,0.500,62.4
Ireland,1983,382,14,10.5,9.640,0.500,63.5
Ireland,1984,472,15.6,8.6,9.640,0.500,63.3
Ireland,1985,521,17,5.4,9.640,0.500,60.2
Italy,1951,437,8.8,14.3,37.5,0.250,NA
Italy,1952,337,9.5,1.9,37.5,0.250,NA
Italy,1953,545,10,1.4,40.2,0.250,NA
Italy,1954,493,8.7,2.4,40.2,0.250,NA
Italy,1955,511,7.5,2.3,40.2,0.250,NA
Italy,1956,372,9.3,3.4,40.2,0.250,NA
Italy,1957,407,7.4,1.1,40.2,0.250,NA
Italy,1958,363,6.4,3.2,41.4,0.250,NA
Italy,1959,792,5.4,0,41.4,0.250,NA
Italy,1960,483,4,2.1,41.4,0.250,24.7
Italy,1961,803,3.4,2,41.4,0.250,24.8
Italy,1962,1799,4.4,5,41.4,0.250,25.2
Italy,1963,888,3.8,6.7,40.2,0.250,26.1
Italy,1964,1256,4.2,6.3,40.2,0.250,26.6
Italy,1965,557,5.3,4.2,40.2,0.250,25.5
Italy,1966,1163,5.7,2.4,40.2,0.250,25.3
Italy,1967,675,5.3,1.3,40.2,0.250,25.3
Italy,1968,719,5.6,1.2,42.5,0.250,31.4
Italy,1969,2875,5.6,2.6,42.5,0.250,33.0
Italy,1970,1566,5.3,5,42.5,0.250,37.0
Italy,1971,1098,5.3,4.9,42.5,0.250,39.7
Italy,1972,1437,6.3,5.7,42.7,0.250,41.8
Italy,1973,1698,6.2,10.8,42.7,0.250,43.3
Italy,1974,1381,5.3,19.1,42.7,0.250,46.2
Italy,1975,1918,5.8,17,42.7,0.250,48.0
Italy,1976,1774,6.6,16.7,48.6,0.250,50.5
Italy,1977,1149,7,18.5,48.6,0.250,49.8
Italy,1978,702,7.1,12,48.6,0.250,50.4
Italy,1979,1870,7.6,14.8,48.6,0.250,49.7
Italy,1980,1108,7.5,21.3,48.6,0.250,49.6
Italy,1981,705,7.8,19.5,48.6,0.250,48.0
Italy,1982,1245,8.4,16.5,48.6,0.250,46.7
Italy,1983,945,9.3,14.6,47.8,0.250,45.5
Italy,1984,591,9.7,10.8,47.8,0.250,45.3
Italy,1985,257,9.9,9.2,47.8,0.250,42.5
Japan,1951,439,1.1,16.5,17.8,0.125,NA
Japan,1952,1061,1.2,5,23.6,0.125,NA
Japan,1953,286,1.3,6.6,29.8,0.125,NA
Japan,1954,249,1.7,6.5,29.8,0.125,NA
Japan,1955,215,1.8,-1,34.1,0.125,NA
Japan,1956,262,1.7,0,34.1,0.125,NA
Japan,1957,3,1.4,3.3,34.1,0.125,NA
Japan,1958,306,1.4,-0.4,35.8,0.125,NA
Japan,1959,279,1.5,1,35.8,0.125,NA
Japan,1960,216,1.1,3.6,35.3,0.125,32.9
Japan,1961,259,1,5.4,35.3,0.125,33.8
Japan,1962,216,1.3,6.8,35.3,0.125,34.6
Japan,1963,105,1.2,7.7,36.8,0.125,35.0
Japan,1964,115,1.2,3.8,36.8,0.125,35.5
Japan,1965,197,1.2,6.6,36.8,0.125,35.3
Japan,1966,9,1.3,5.1,36.8,0.125,34.7
Japan,1967,60,1.3,4,36,0.125,34.4
Japan,1968,90,1.2,5.4,36,0.125,34.5
Japan,1969,114,1.1,5.2,27.8,0.125,35.2
Japan,1970,118,1.1,7.7,27.8,0.125,35.1
Japan,1971,177,1.2,6.3,27.8,0.125,34.6
Japan,1972,149,1.4,4.9,35.6,0.125,34.3
Japan,1973,127,1.3,11.6,35.6,0.125,33.5
Japan,1974,266,1.4,23.2,35.6,0.125,34.3
Japan,1975,220,1.9,11.8,35.6,0.125,34.5
Japan,1976,88,2,9.4,33.1,0.125,33.7
Japan,1977,40,2,8.2,33.1,0.125,33.0
Japan,1978,36,2.2,4.2,33.1,0.125,32.6
Japan,1979,24,2.1,3.7,35.3,0.125,31.8
Japan,1980,25,2,7.7,32.9,0.125,31.1
Japan,1981,14,2.2,5,32.9,0.125,30.9
Japan,1982,13,2.4,2.7,32.9,0.125,30.6
Japan,1983,12,2.6,1.9,34.1,0.125,29.8
Japan,1984,8,2.7,2.3,34.1,0.125,29.2
Japan,1985,6,2.6,2,34.1,0.125,28.8
Netherlands,1951,24,2.4,11.9,35,0.750,NA
Netherlands,1952,11,3.5,0,36,0.750,NA
Netherlands,1953,10,2.5,0,36,0.750,NA
Netherlands,1954,20,1.8,4,36,0.750,NA
Netherlands,1955,44,1.3,1.9,36,0.750,NA
Netherlands,1956,68,0.9,1.9,38,0.750,NA
Netherlands,1957,2,1.2,6.1,38,0.750,NA
Netherlands,1958,12,2.3,2.2,35.3,0.750,NA
Netherlands,1959,4,1.8,1.1,35.3,0.750,NA
Netherlands,1960,142,1.1,2.3,35.3,0.750,40.0
Netherlands,1961,7,0.8,1.3,35.3,0.750,39.5
Netherlands,1962,3,0.5,2.3,35.3,0.750,38.8
Netherlands,1963,11,0.6,3.3,34,0.750,38.8
Netherlands,1964,12,0.5,5.8,34,0.750,37.6
Netherlands,1965,15,0.5,5.8,34,0.750,37.4
Netherlands,1966,3,0.8,5.8,34,0.750,38.1
Netherlands,1967,2,1.6,3.5,30.7,0.750,38.3
Netherlands,1968,4,1.4,3.7,30.7,0.750,37.5
Netherlands,1969,6,1,7.4,30.7,0.750,36.5
Netherlands,1970,66,1,3.7,30.7,0.750,36.5
Netherlands,1971,25,1.3,7.5,31.3,0.750,36.2
Netherlands,1972,33,2.2,7.8,31.3,0.750,36.6
Netherlands,1973,141,2.2,8,34.7,0.750,37.1
Netherlands,1974,2,2.7,9.6,34.7,0.750,36.9
Netherlands,1975,0,5.2,10.2,34.7,0.750,37.8
Netherlands,1976,3,5.5,9.1,34.7,0.750,37.1
Netherlands,1977,57,5.3,6.5,37.3,0.750,37.2
Netherlands,1978,1,5.3,4.1,37.3,0.750,37.0
Netherlands,1979,68,5.4,4.2,37.3,0.750,36.6
Netherlands,1980,13,6,6.5,37.3,0.750,34.8
Netherlands,1981,5,8.6,6.8,33.3,0.750,33.0
Netherlands,1982,49,11.4,5.9,33.3,0.750,32.3
Netherlands,1983,26,13.7,2.8,35.3,0.750,30.7
Netherlands,1984,6,14.1,3.3,35.3,0.750,29.3
Netherlands,1985,19,12.8,2.2,35.3,0.750,28.0
New.Zealnd,1951,2462,0,11.1,37.5,0.375,NA
New.Zealnd,1952,58,0,7.8,37.5,0.375,NA
New.Zealnd,1953,38,0,4.8,37.5,0.375,NA
New.Zealnd,1954,39,0.1,4.5,43.8,0.375,NA
New.Zealnd,1955,97,0,2.6,43.8,0.375,NA
New.Zealnd,1956,43,0.1,3.5,43.8,0.375,NA
New.Zealnd,1957,49,0.4,2,51.2,0.375,NA
New.Zealnd,1958,32,0.4,4.4,51.2,0.375,NA
New.Zealnd,1959,49,1.2,3.7,51.2,0.375,NA
New.Zealnd,1960,58,0.6,0.8,42.5,0.375,NA
New.Zealnd,1961,59,0.3,1.8,42.5,0.375,NA
New.Zealnd,1962,141,0.1,2.7,42.5,0.375,NA
New.Zealnd,1963,80,0.1,1.9,43.8,0.375,NA
New.Zealnd,1964,93,0.1,3.4,43.8,0.375,NA
New.Zealnd,1965,29,0.1,3.4,43.8,0.375,NA
New.Zealnd,1966,128,0.1,2.8,43.8,0.375,NA
New.Zealnd,1967,174,0.1,6.1,43.8,0.375,NA
New.Zealnd,1968,166,0.8,4.3,43.8,0.375,NA
New.Zealnd,1969,171,0.3,4.9,46.4,0.375,NA
New.Zealnd,1970,327,0.2,6.6,46.4,0.375,NA
New.Zealnd,1971,191,0.2,10.5,46.4,0.375,56.3
New.Zealnd,1972,152,0.4,6.9,63.2,0.375,NA
New.Zealnd,1973,3,0.2,8.1,63.2,0.375,NA
New.Zealnd,1974,198,0.1,11.1,63.2,0.375,NA
New.Zealnd,1975,225,0.2,14.6,36.8,0.375,NA
New.Zealnd,1976,501,0.4,17,36.8,0.375,61.0
New.Zealnd,1977,437,0.3,14.4,36.8,0.375,NA
New.Zealnd,1978,372,1.7,12,43.5,0.375,NA
New.Zealnd,1979,373,1.9,13.7,43.5,0.375,69.0
New.Zealnd,1980,362,2.2,17.2,43.5,0.375,69.1
New.Zealnd,1981,354,3.6,15.4,46.7,0.375,65.7
New.Zealnd,1982,294,3.5,16.2,46.7,0.375,65.1
New.Zealnd,1983,324,5.6,7.4,46.7,0.375,64.5
New.Zealnd,1984,363,5.7,6.2,59,0.375,59.5
New.Zealnd,1985,632,4.1,15.4,59,0.375,56.0
Norway,1951,37,0.8,16.1,56.7,0.875,NA
Norway,1952,127,1,8.8,56.7,0.875,NA
Norway,1953,41,0.9,1.9,56.7,0.875,NA
Norway,1954,104,0.8,4.6,53.3,0.875,NA
Norway,1955,106,0.9,1.1,53.3,0.875,NA
Norway,1956,946,1,3.6,53.3,0.875,NA
Norway,1957,26,1.6,2.8,53.3,0.875,NA
Norway,1958,59,1.5,4.9,52.7,0.875,NA
Norway,1959,46,1.1,2.2,52.7,0.875,NA
Norway,1960,2,0.9,0.4,52.7,0.875,60.0
Norway,1961,4,1,2.5,52.7,0.875,60.8
Norway,1962,76,1,5.3,50.7,0.875,59.8
Norway,1963,210,1.2,2.6,50.7,0.875,60.1
Norway,1964,1,1.1,5.7,50.7,0.875,59.3
Norway,1965,8,0.9,4.3,50.7,0.875,59.0
Norway,1966,5,0.8,3.3,46.7,0.875,58.1
Norway,1967,4,0.7,4.4,46.7,0.875,57.6
Norway,1968,12,1.1,3.5,46.7,0.875,57.2
Norway,1969,19,1,3.1,46.7,0.875,57.2
Norway,1970,39,0.8,10.6,49.3,0.875,56.8
Norway,1971,7,0.8,6.3,49.3,0.875,57.0
Norway,1972,9,1.7,7.2,49.3,0.875,51.9
Norway,1973,8,1.5,7.4,49.3,0.875,53.2
Norway,1974,227,1.5,9.4,52,0.875,54.1
Norway,1975,9,2.3,11.7,52,0.875,53.8
Norway,1976,90,1.8,9.2,52,0.875,52.8
Norway,1977,16,1.5,9,52,0.875,53.6
Norway,1978,39,1.8,8.2,52,0.875,54.0
Norway,1979,4,1.9,4.8,52,0.875,55.5
Norway,1980,63,1.7,10.9,52,0.875,58.3
Norway,1981,17,2,13.6,52,0.875,57.9
Norway,1982,167,2.6,11.4,46.7,0.875,58.1
Norway,1983,3,3.3,8.4,46.7,0.875,58.1
Norway,1984,61,3,6.3,46.7,0.875,58.3
Norway,1985,37,2.5,5.7,46.7,0.875,57.5
Sweden,1951,217,1.8,15.8,52.2,0.875,NA
Sweden,1952,32,2.4,7.7,52.2,0.875,NA
Sweden,1953,237,2.8,1.6,50,0.875,NA
Sweden,1954,10,2.6,0.8,50,0.875,NA
Sweden,1955,63,2.5,3.1,50,0.875,NA
Sweden,1956,2,1.5,4.5,50,0.875,NA
Sweden,1957,21,1.9,4.4,48.5,0.875,NA
Sweden,1958,6,2.5,4.4,50.2,0.875,NA
Sweden,1959,9,2,0.8,50.2,0.875,NA
Sweden,1960,7,1.8,4.1,50.2,0.875,72.1
Sweden,1961,1,1.7,2.2,51.3,0.875,72.4
Sweden,1962,2,1.5,4.8,51.3,0.875,72.9
Sweden,1963,8,1.7,2.9,51.3,0.875,66.1
Sweden,1964,11,1.6,3.4,51.3,0.875,66.7
Sweden,1965,1,1.2,5,51.9,0.875,66.3
Sweden,1966,109,1.6,6.4,51.9,0.875,65.9
Sweden,1967,0,2.1,4.3,51.9,0.875,67.5
Sweden,1968,0,2.2,1.9,51.9,0.875,67.9
Sweden,1969,34,1.9,2.7,54.9,0.875,68.5
Sweden,1970,45,1.5,7,54.9,0.875,67.7
Sweden,1971,242,2.5,7.4,51.4,0.875,70.0
Sweden,1972,3,2.7,6,51.4,0.875,71.4
Sweden,1973,3,2.5,6.7,51.4,0.875,72.5
Sweden,1974,16,2,9.9,50,0.875,73.5
Sweden,1975,98,1.6,9.8,50,0.875,74.5
Sweden,1976,7,1.6,10.3,50,0.875,73.9
Sweden,1977,23,1.8,11.5,48.4,0.875,76.0
Sweden,1978,10,2.2,9.9,48.4,0.875,77.0
Sweden,1979,7,2.1,7.2,48.4,0.875,77.3
Sweden,1980,1150,2,13.7,49.9,0.875,78.0
Sweden,1981,54,2.5,12.1,49.9,0.875,78.3
Sweden,1982,0,3.1,8.6,49.9,0.875,78.9
Sweden,1983,9,3.5,8.9,53.3,0.875,79.6
Sweden,1984,8,3.1,8,53.3,0.875,80.8
Sweden,1985,127,2.8,7.4,53.3,0.875,81.3
Switzerland,1951,5,0.8,4.8,28.4,0.500,NA
Switzerland,1952,7,0.9,2.5,27.6,0.500,NA
Switzerland,1953,35,0.9,-0.6,27.6,0.500,NA
Switzerland,1954,15,0.8,0.7,27.6,0.500,NA
Switzerland,1955,1,0.5,0.9,27.6,0.500,NA
Switzerland,1956,1,0.6,1.5,29.1,0.500,NA
Switzerland,1957,0,0.4,2,29.1,0.500,NA
Switzerland,1958,1,0.4,1.8,29.1,0.500,NA
Switzerland,1959,1,0.4,-0.7,29.1,0.500,NA
Switzerland,1960,1,0,1.4,27.6,0.500,36.1
Switzerland,1961,0,0,1.9,27.6,0.500,35.2
Switzerland,1962,1,0,4.3,27.6,0.500,34.4
Switzerland,1963,32,0,3.4,27.6,0.500,33.6
Switzerland,1964,2,0,3.1,28.5,0.500,33.2
Switzerland,1965,0,0,3.4,28.5,0.500,32.8
Switzerland,1966,0,0,4.8,28.5,0.500,32.4 
Switzerland,1967,1,0,4,28.5,0.500,31.3
Switzerland,1968,1,0,2.4,28,0.500,30.6
Switzerland,1969,0,0,2.5,28,0.500,30.1
Switzerland,1970,1,0,3.6,28,0.500,28.9
Switzerland,1971,3,0,6.6,28,0.500,29.2
Switzerland,1972,1,0,6.7,25.5,0.500,28.9
Switzerland,1973,0,0,8.8,25.5,0.500,28.7
Switzerland,1974,1,0,9.8,25.5,0.500,29.0
Switzerland,1975,1,0.4,6.7,25.5,0.500,32.3
Switzerland,1976,8,0.7,1.7,29.5,0.500,33.8
Switzerland,1977,2,0.4,1.3,29.5,0.500,33.1
Switzerland,1978,2,0.3,1.1,29.5,0.500,32.5
Switzerland,1979,1,0.3,3.7,29.5,0.500,31.9
Switzerland,1980,2,0.2,4,27,0.500,31.1
Switzerland,1981,0,0.2,6.5,27,0.500,30.3
Switzerland,1982,0,0.4,5.7,27,0.500,29.7
Switzerland,1983,2,0.9,3,27,0.500,29.6
Switzerland,1984,0,1.1,2.9,24,0.500,29.0
Switzerland,1985,0,0.9,3.4,24,0.500,27.6
UK,1951,81,0.9,9.7,47.2,0.375,NA
UK,1952,86,1.4,6.1,47.2,0.375,NA
UK,1953,104,1.3,1.9,47.2,0.375,NA
UK,1954,114,1,1.9,47.2,0.375,NA
UK,1955,173,0.8,3.1,44,0.375,NA
UK,1956,95,0.9,4.2,44,0.375,NA
UK,1957,380,1.1,2.4,44,0.375,NA
UK,1958,158,1.7,2.9,44,0.375,NA
UK,1959,239,1.7,0.7,41,0.375,NA
UK,1960,135,1.3,1,41,0.375,40.4
UK,1961,134,1.1,3.6,41,0.375,40.1
UK,1962,252,1.6,4.1,41,0.375,40.2
UK,1963,76,2,2.1,41,0.375,40.3
UK,1964,1,1.4,3.2,50.3,0.375,40.3
UK,1965,127,1.2,4.8,50.3,0.375,40.3
UK,1966,103,1.1,3.9,57.8,0.375,39.7
UK,1967,122,2,2.4,57.8,0.375,40.2
UK,1968,207,2.1,4.7,57.8,0.375,40.5
UK,1969,303,2,5.5,57.8,0.375,41.7
UK,1970,488,2.2,6.4,45.7,0.375,44.8
UK,1971,612,2.8,9.4,45.7,0.375,45.3
UK,1972,1080,3.1,7.1,45.7,0.375,46.2
UK,1973,317,2.2,9.2,45.7,0.375,45.5
UK,1974,647,2.1,15.9,47.4,0.375,46.4
UK,1975,265,3.2,24.2,50.2,0.375,48.3
UK,1976,146,4.8,16.5,50.2,0.375,49.4
UK,1977,448,5.2,15.9,50.2,0.375,51.1
UK,1978,413,5.1,8.2,50.2,0.375,51.8
UK,1979,1272,4.6,13.5,42.4,0.375,51.6
UK,1980,520,5.6,18,42.4,0.375,50.7
UK,1981,195,9,11.9,42.4,0.375,49.8
UK,1982,248,10.4,8.6,42.4,0.375,48.7
UK,1983,178,11.2,4.6,32.2,0.375,48.0
UK,1984,1278,11.2,5,32.2,0.375,47.5
UK,1985,298,11.5,6.1,32.2,0.375,46.2
USA,1951,466,3.2,8,51,0.000,NA
USA,1952,1190,2.9,2.2,51,0.000,NA
USA,1953,559,2.8,0.8,49,0.000,NA
USA,1954,456,5.3,0.4,49,0.000,NA
USA,1955,529,4.2,-0.3,51,0.000,NA
USA,1956,616,4,1.5,51,0.000,NA
USA,1957,311,4.2,3.4,51,0.000,NA
USA,1958,438,6.6,2.7,51,0.000,NA
USA,1959,1236,5.3,0.9,65.3,0.000,NA
USA,1960,341,5.4,1.5,65.3,0.000,30.9
USA,1961,284,6.5,1.1,64,0.000,29.5
USA,1962,317,5.4,1.1,64,0.000,29.3
USA,1963,267,5.5,1.2,68,0.000,28.5
USA,1964,385,5,1.3,68,0.000,28.3
USA,1965,379,4.4,1.7,68,0.000,28.2
USA,1966,399,3.7,3,68,0.000,28.2
USA,1967,636,3.7,2.8,64,0.000,27.8
USA,1968,723,3.5,4.2,64,0.000,27.9
USA,1969,615,3.4,5.4,58,0.000,27.3
USA,1970,940,4.8,5.9,58,0.000,27.4
USA,1971,668,5.8,4.3,54,0.000,26.9
USA,1972,366,5.5,3.3,54,0.000,26.3
USA,1973,625,4.8,6.2,56,0.000,23.5
USA,1974,612,5.5,11,56,0.000,23.2
USA,1975,403,8.3,9.1,62,0.000,21.6
USA,1976,298,7.6,5.7,62,0.000,21.6
USA,1977,255,6.9,6.5,61,0.000,23.2
USA,1978,273,6,7.7,61,0.000,22.4
USA,1979,228,5.8,11.3,58,0.000,23.4
USA,1980,232,7,13.5,58,0.000,22.3
USA,1981,186,7.5,10.3,46,0.000,21.0
USA,1982,101,9.5,6.2,46,0.000,20.5
USA,1983,192,9.5,3.2,46,0.000,19.5
USA,1984,89,7.4,4.3,46,0.000,18.2
USA,1985,73,7.1,3.6,47,0.000,17.4
